<?xml version="1.0" encoding="UTF-8"?>
<metadata xml:lang="en"><Esri><CreaDate>20121026</CreaDate><CreaTime>13460000</CreaTime><SyncOnce>FALSE</SyncOnce><SyncDate>20121026</SyncDate><SyncTime>11432600</SyncTime><ModDate>20121026</ModDate><ModTime>11503200</ModTime><DataProperties><lineage><Process Name="Dissolve_1" ToolSource="C:\Program Files\ArcGIS\ArcToolbox\Toolboxes\Data Management Tools.tbx\Dissolve" Date="20090618" Time="131236" export="">Dissolve Precincts_in C:\Doug_Working\Gumbo_Pot.mdb\Precincts_in_Dissolve Merge_Fld # MULTI_PART</Process><Process ToolSource="c:\program files (x86)\arcgis\desktop10.0\ArcToolbox\Toolboxes\Data Management Tools.tbx\Dissolve" Date="20121023" Time="154903" Name="" export="">Dissolve SchoolBoard_District_7 "X:\GIS-RAW\GIS_Working\Registrar of Voters\Data\SchoolBoardDistricts.gdb\SchoolBoard_District_7_diss" # # MULTI_PART DISSOLVE_LINES</Process><Process ToolSource="c:\program files (x86)\arcgis\desktop10.0\ArcToolbox\Toolboxes\Data Management Tools.tbx\Merge" Date="20121023" Time="155425" Name="" export="">Merge SchoolBoard_District_7_diss;SchoolBoard_District_6_diss;SchoolBoard_District_5_diss;SchoolBoard_District_4_diss;SchoolBoard_District_3_diss;SchoolBoard_District_2_diss;SchoolBoard_District_1_diss "X:\GIS-RAW\GIS_Working\Registrar of Voters\Data\SchoolBoardDistricts.gdb\SchoolBoard_Districts_20121023" "SHAPE_Length "SHAPE_Length" false true true 8 Double 0 0 ,First,#,SchoolBoard_District_7_diss,SHAPE_Length,-1,-1,SchoolBoard_District_6_diss,SHAPE_Length,-1,-1,SchoolBoard_District_5_diss,SHAPE_Length,-1,-1,SchoolBoard_District_4_diss,SHAPE_Length,-1,-1,SchoolBoard_District_3_diss,SHAPE_Length,-1,-1,SchoolBoard_District_2_diss,SHAPE_Length,-1,-1,SchoolBoard_District_1_diss,SHAPE_Length,-1,-1;SHAPE_Area "SHAPE_Area" false true true 8 Double 0 0 ,First,#,SchoolBoard_District_7_diss,SHAPE_Area,-1,-1,SchoolBoard_District_6_diss,SHAPE_Area,-1,-1,SchoolBoard_District_5_diss,SHAPE_Area,-1,-1,SchoolBoard_District_4_diss,SHAPE_Area,-1,-1,SchoolBoard_District_3_diss,SHAPE_Area,-1,-1,SchoolBoard_District_2_diss,SHAPE_Area,-1,-1,SchoolBoard_District_1_diss,SHAPE_Area,-1,-1"</Process><Process ToolSource="C:\Program Files (x86)\ArcGIS\Desktop10.0\ArcToolbox\Toolboxes\Data Management Tools.tbx\CalculateField" Date="20121023" Time="155952" Name="" export="">CalculateField SchoolBoard_Districts_20121023 District 1 VB #</Process><Process ToolSource="C:\Program Files (x86)\ArcGIS\Desktop10.0\ArcToolbox\Toolboxes\Data Management Tools.tbx\CalculateField" Date="20121023" Time="160046" Name="" export="">CalculateField SchoolBoard_Districts_20121023 District "1" VB #</Process><Process ToolSource="c:\program files (x86)\arcgis\desktop10.0\ArcToolbox\Toolboxes\Conversion Tools.tbx\FeatureClassToFeatureClass" Date="20121023" Time="161039" Name="" export="">FeatureClassToFeatureClass "X:\GIS-RAW\GIS_Working\Registrar of Voters\Data\SchoolBoardDistricts.gdb\SchoolBoard_Districts_20121023" X:\GIS-RAW\GIS_Working\Education\Spatial_Data\Shapefiles SchoolBoard_Districts_20121023.shp # "Shape_Leng "Shape_Length" false true true 8 Double 0 0 ,First,#,X:\GIS-RAW\GIS_Working\Registrar of Voters\Data\SchoolBoardDistricts.gdb\SchoolBoard_Districts_20121023,Shape_Length,-1,-1;Shape_Area "Shape_Area" false true true 8 Double 0 0 ,First,#,X:\GIS-RAW\GIS_Working\Registrar of Voters\Data\SchoolBoardDistricts.gdb\SchoolBoard_Districts_20121023,Shape_Area,-1,-1;District "District" true true false 5 Text 0 0 ,First,#,X:\GIS-RAW\GIS_Working\Registrar of Voters\Data\SchoolBoardDistricts.gdb\SchoolBoard_Districts_20121023,District,-1,-1" #</Process><Process ToolSource="c:\program files (x86)\arcgis\desktop10.0\ArcToolbox\Toolboxes\Conversion Tools.tbx\FeatureClassToFeatureClass" Date="20121026" Time="114328" Name="" export="">FeatureClassToFeatureClass X:\GIS-RAW\GIS_Working\Education\Spatial_Data\Shapefiles\SchoolBoard_Districts_20121023.shp X:\GIS-RAW\CNOGIS\GIS-Users\Doug\Databases\SDE_Load_92.mdb\Load_20121026 OP_School_Board_Districts_20121023 # "Shape_Leng "Shape_Leng" true true false 19 Double 0 0 ,First,#,X:\GIS-RAW\GIS_Working\Education\Spatial_Data\Shapefiles\SchoolBoard_Districts_20121023.shp,Shape_Leng,-1,-1;Shape_Area "Shape_Area" true true false 19 Double 0 0 ,First,#,X:\GIS-RAW\GIS_Working\Education\Spatial_Data\Shapefiles\SchoolBoard_Districts_20121023.shp,Shape_Area,-1,-1;District "District" true true false 5 Text 0 0 ,First,#,X:\GIS-RAW\GIS_Working\Education\Spatial_Data\Shapefiles\SchoolBoard_Districts_20121023.shp,District,-1,-1" #</Process></lineage><itemProps><itemLocation><linkage Sync="TRUE">file://\\10.4.1.119\cnogis_store\GIS-RAW\CNOGIS\GIS-Users\Doug\Databases\SDE_Load_92.mdb</linkage><protocol Sync="TRUE">Local Area Network</protocol></itemLocation><itemName Sync="TRUE">OP_School_Board_Districts_20121023</itemName><imsContentType Sync="TRUE">002</imsContentType><itemSize Sync="TRUE">0.000</itemSize></itemProps><coordRef><type Sync="TRUE">Projected</type><geogcsn Sync="TRUE">GCS_North_American_1983</geogcsn><csUnits Sync="TRUE">Linear Unit: Foot_US (0.304801)</csUnits><projcsn Sync="TRUE">NAD_1983_StatePlane_Louisiana_South_FIPS_1702_Feet</projcsn><peXml Sync="TRUE">&lt;ProjectedCoordinateSystem xsi:type='typens:ProjectedCoordinateSystem' xmlns:xsi='http://www.w3.org/2001/XMLSchema-instance' xmlns:xs='http://www.w3.org/2001/XMLSchema' xmlns:typens='http://www.esri.com/schemas/ArcGIS/10.0'&gt;&lt;WKT&gt;PROJCS[&amp;quot;NAD_1983_StatePlane_Louisiana_South_FIPS_1702_Feet&amp;quot;,GEOGCS[&amp;quot;GCS_North_American_1983&amp;quot;,DATUM[&amp;quot;D_North_American_1983&amp;quot;,SPHEROID[&amp;quot;GRS_1980&amp;quot;,6378137.0,298.257222101]],PRIMEM[&amp;quot;Greenwich&amp;quot;,0.0],UNIT[&amp;quot;Degree&amp;quot;,0.0174532925199433]],PROJECTION[&amp;quot;Lambert_Conformal_Conic&amp;quot;],PARAMETER[&amp;quot;False_Easting&amp;quot;,3280833.333333333],PARAMETER[&amp;quot;False_Northing&amp;quot;,0.0],PARAMETER[&amp;quot;Central_Meridian&amp;quot;,-91.33333333333333],PARAMETER[&amp;quot;Standard_Parallel_1&amp;quot;,29.3],PARAMETER[&amp;quot;Standard_Parallel_2&amp;quot;,30.7],PARAMETER[&amp;quot;Latitude_Of_Origin&amp;quot;,28.5],UNIT[&amp;quot;Foot_US&amp;quot;,0.3048006096012192],AUTHORITY[&amp;quot;EPSG&amp;quot;,3452]]&lt;/WKT&gt;&lt;XOrigin&gt;-124791100&lt;/XOrigin&gt;&lt;YOrigin&gt;-91255500&lt;/YOrigin&gt;&lt;XYScale&gt;3048.0060960121914&lt;/XYScale&gt;&lt;ZOrigin&gt;-100000&lt;/ZOrigin&gt;&lt;ZScale&gt;10000&lt;/ZScale&gt;&lt;MOrigin&gt;-100000&lt;/MOrigin&gt;&lt;MScale&gt;10000&lt;/MScale&gt;&lt;XYTolerance&gt;0.0032808333333333335&lt;/XYTolerance&gt;&lt;ZTolerance&gt;0.001&lt;/ZTolerance&gt;&lt;MTolerance&gt;0.001&lt;/MTolerance&gt;&lt;HighPrecision&gt;true&lt;/HighPrecision&gt;&lt;WKID&gt;3452&lt;/WKID&gt;&lt;/ProjectedCoordinateSystem&gt;</peXml></coordRef></DataProperties><ArcGISFormat>1.0</ArcGISFormat><ArcGISstyle>FGDC CSDGM Metadata</ArcGISstyle><ArcGISProfile>FGDC</ArcGISProfile></Esri><idinfo><native Sync="TRUE">Microsoft Windows XP Version 5.1 (Build 2600) Service Pack 3; ESRI ArcCatalog 9.2.2.1350</native><descript><langdata Sync="TRUE">en</langdata><abstract>New Orleans/Orleans Parish School Board Districts</abstract><purpose>The City of New Orleans Office of Information Technology &amp; Innovation creates, collects and stores GIS infrastructure and other data.  Data are provided by various departments within the City, other government entities, utilities, and private enterprise.  The primary purpose for maintaining this enterprise GIS is to provide spatial analysis, decision support and mapping services to all City Departments.</purpose></descript><citation><citeinfo><title Sync="TRUE">OP_School_Board_Districts_20121023</title><ftname Sync="TRUE">Precincts_in_Dissolve</ftname><pubtime>Unknown</pubtime><geoform Sync="TRUE">vector digital data</geoform><onlink Sync="TRUE">\\10.4.1.119\cnogis_store\GIS-RAW\GIS_Working\Council\Databases\Council_Research.mdb</onlink></citeinfo></citation><timeperd><current>ground condition</current></timeperd><status><progress>Complete</progress><update>As needed</update></status><spdom><bounding><westbc Sync="TRUE">-90.102348</westbc><eastbc Sync="TRUE">-90.095301</eastbc><northbc Sync="TRUE">29.953900</northbc><southbc Sync="TRUE">29.947648</southbc></bounding><lboundng><leftbc Sync="TRUE">3670676.123465</leftbc><rightbc Sync="TRUE">3672883.798859</rightbc><bottombc Sync="TRUE">528571.930560</bottombc><topbc Sync="TRUE">530821.776834</topbc></lboundng></spdom><keywords><theme><themekt>REQUIRED: Reference to a formally registered thesaurus or a similar authoritative source of theme keywords.</themekt><themekey>orleans</themekey><themekey>police</themekey><themekey>precincts</themekey></theme></keywords><accconst>The City of New Orleans GIS Department has access and usage constraints for their GIS Datasets. No data should be transferred outside of the department without the permission of the GIS Department.</accconst><useconst>The City of New Orleans GIS Department has access and usage constraints for their GIS Datasets. No data should be transferred outside of the department without the permission of the GIS Department.</useconst><natvform Sync="TRUE">Personal GeoDatabase Feature Class</natvform><ptcontac><cntinfo><cntorgp><cntorg>City of New Orleans GIS Department</cntorg><cntper>Richard Poche</cntper></cntorgp><cntvoice>504-658-7675</cntvoice><cntemail>gis@cityofno.com</cntemail><hours>9:00 AM - 5:00 PM, CST</hours></cntinfo></ptcontac></idinfo><dataIdInfo><envirDesc Sync="TRUE">Microsoft Windows 7 Version 6.1 (Build 7601) Service Pack 1; ESRI ArcGIS 10.0.3.3600</envirDesc><dataLang><languageCode Sync="TRUE" value="eng"/><countryCode value="USA" Sync="TRUE"/></dataLang><idCitation xmlns=""><resTitle Sync="TRUE">OP_School_Board_Districts_20121023</resTitle><presForm xmlns=""><PresFormCd Sync="TRUE" value="005"/></presForm><date><createDate>2012-10-23T00:00:00</createDate><pubDate>2012-10-26T00:00:00</pubDate></date><citRespParty xmlns=""><rpOrgName>City of New Orleans – Office of Information Technology &amp; Innovation, Enterprise Information Team</rpOrgName><rpPosName>GIS Manager</rpPosName><rpCntInfo xmlns=""><cntAddress addressType="both"><delPoint>1300 Perdido St</delPoint><city>New Orleans</city><adminArea>Louisiana</adminArea><postCode>70112</postCode><eMailAdd>gis@nola.gov</eMailAdd><country>USA</country></cntAddress><cntHours>M-F, 9am-5pm, Central</cntHours></rpCntInfo><role><RoleCd value="007"/></role></citRespParty></idCitation><spatRpType><SpatRepTypCd Sync="TRUE" value="001"/></spatRpType><dataExt><geoEle><GeoBndBox esriExtentType="native"><westBL Sync="TRUE">3670676.123465</westBL><eastBL Sync="TRUE">3672883.798859</eastBL><northBL Sync="TRUE">530821.776834</northBL><southBL Sync="TRUE">528571.93056</southBL><exTypeCode Sync="TRUE">1</exTypeCode></GeoBndBox></geoEle></dataExt><geoBox esriExtentType="decdegrees"><westBL Sync="TRUE">-90.102348</westBL><eastBL Sync="TRUE">-90.095301</eastBL><northBL Sync="TRUE">29.9539</northBL><southBL Sync="TRUE">29.947648</southBL><exTypeCode Sync="TRUE">1</exTypeCode></geoBox><idPurp>The City of New Orleans Office of Information Technology &amp; Innovation creates, collects and stores GIS infrastructure and other data.  Data are provided by various departments within the City, other government entities, utilities, and private enterprise.  The primary purpose for maintaining this enterprise GIS is to provide spatial analysis, decision support and mapping services to all City Departments.</idPurp><idAbs>&lt;DIV STYLE="text-align:Left;"&gt;&lt;DIV&gt;&lt;P&gt;&lt;SPAN&gt;New Orleans/Orleans Parish School Board Districts&lt;/SPAN&gt;&lt;/P&gt;&lt;/DIV&gt;&lt;/DIV&gt;</idAbs><searchKeys><keyword>Orleans</keyword><keyword>School Board</keyword><keyword>Districts</keyword></searchKeys><resConst><Consts><useLimit>The City of New Orleans does not assume any liability for damages arising from errors, omissions, or use of this information.  End users are advised to be aware of the published accuracy, date, compilation methods, and cartographic format as described in the accompanying metadata, and are advised to utilize these data appropriately.</useLimit></Consts></resConst></dataIdInfo><metainfo><langmeta Sync="TRUE">en</langmeta><metstdn Sync="TRUE">FGDC Content Standards for Digital Geospatial Metadata</metstdn><metstdv Sync="TRUE">FGDC-STD-001-1998</metstdv><mettc Sync="TRUE">local time</mettc><metc><cntinfo><cntorgp><cntorg>City of New Orleans GIS Department</cntorg></cntorgp><cntaddr><addrtype>mailing and physical address</addrtype><city>New Orleans</city><state>LA</state><postal>70112</postal><address>Suit BW15, 1300 Perdido St.</address><country>USA</country></cntaddr><cntvoice>504-658-7675</cntvoice><cntemail>gis@cityofno.com</cntemail><hours>9:00 AM - 5:00 PM, CST</hours></cntinfo></metc><metd Sync="TRUE">20090618</metd></metainfo><mdLang><languageCode Sync="TRUE" value="eng"/><countryCode value="USA" Sync="TRUE"/></mdLang><mdStanName Sync="TRUE">ISO 19115 Geographic Information - Metadata</mdStanName><mdStanVer Sync="TRUE">DIS_ESRI1.0</mdStanVer><mdChar><CharSetCd Sync="TRUE" value="004"/></mdChar><mdHrLv><ScopeCd Sync="TRUE" value="005"/></mdHrLv><mdHrLvName Sync="TRUE">dataset</mdHrLvName><distinfo><distrib><cntinfo><cntorgp><cntorg>City of New Orleans GIs Department</cntorg></cntorgp></cntinfo></distrib><resdesc Sync="TRUE">Downloadable Data</resdesc></distinfo><distInfo><distributor><distorTran><onLineSrc><orDesc Sync="TRUE">002</orDesc><linkage Sync="TRUE">file://\\10.4.1.119\cnogis_store\GIS-RAW\GIS_Working\Council\Databases\Council_Research.mdb</linkage><protocol Sync="TRUE">Local Area Network</protocol></onLineSrc></distorTran><distorFormat><formatName Sync="TRUE">Personal GeoDatabase Feature Class</formatName></distorFormat></distributor><distFormat><formatName Sync="TRUE">Personal GeoDatabase Feature Class</formatName></distFormat><distTranOps><transSize Sync="TRUE">0.000</transSize></distTranOps></distInfo><mdDateSt Sync="TRUE">20121026</mdDateSt><spdoinfo><direct Sync="TRUE">Vector</direct><ptvctinf><esriterm><efeatyp Sync="TRUE">Simple</efeatyp><efeageom code="4" Sync="TRUE"/><esritopo Sync="TRUE">FALSE</esritopo><efeacnt Sync="TRUE">0</efeacnt><spindex Sync="TRUE">TRUE</spindex><linrefer Sync="TRUE">FALSE</linrefer></esriterm></ptvctinf></spdoinfo><eainfo><overview><dsoverv>Polygon dataset of drainage basins served by Sewerage and Water Board of New Orleans</dsoverv><eaover>NAME: Name of individual drainage basin</eaover></overview><detailed Name="OP_School_Board_Districts_20121023"><enttyp><enttypl Sync="TRUE">OP_School_Board_Districts_20121023</enttypl><enttypt Sync="TRUE">Feature Class</enttypt><enttypc Sync="TRUE">0</enttypc></enttyp><attr><attrlabl Sync="TRUE">OBJECTID</attrlabl><attalias Sync="TRUE">OBJECTID</attalias><attrtype Sync="TRUE">OID</attrtype><attwidth Sync="TRUE">4</attwidth><atprecis Sync="TRUE">0</atprecis><attscale Sync="TRUE">0</attscale><attrdef Sync="TRUE">Internal feature number.</attrdef><attrdefs Sync="TRUE">ESRI</attrdefs><attrdomv><udom Sync="TRUE">Sequential unique whole numbers that are automatically generated.</udom></attrdomv></attr><attr><attrlabl Sync="TRUE">SHAPE</attrlabl><attalias Sync="TRUE">Shape</attalias><attrtype Sync="TRUE">Geometry</attrtype><attwidth Sync="TRUE">0</attwidth><atprecis Sync="TRUE">0</atprecis><attscale Sync="TRUE">0</attscale><attrdef Sync="TRUE">Feature geometry.</attrdef><attrdefs Sync="TRUE">ESRI</attrdefs><attrdomv><udom Sync="TRUE">Coordinates defining the features.</udom></attrdomv></attr><attr><attrlabl Sync="TRUE">Shape_Leng</attrlabl><attalias Sync="TRUE">Shape_Leng</attalias><attrtype Sync="TRUE">Double</attrtype><attwidth Sync="TRUE">8</attwidth><atprecis Sync="TRUE">0</atprecis><attscale Sync="TRUE">0</attscale></attr><attr><attrlabl Sync="TRUE">SHAPE_Area</attrlabl><attalias Sync="TRUE">Shape_Area</attalias><attrtype Sync="TRUE">Double</attrtype><attwidth Sync="TRUE">8</attwidth><atprecis Sync="TRUE">0</atprecis><attscale Sync="TRUE">0</attscale><attrdef Sync="TRUE">Area of feature in internal units squared.</attrdef><attrdefs Sync="TRUE">ESRI</attrdefs><attrdomv><udom Sync="TRUE">Positive real numbers that are automatically generated.</udom></attrdomv></attr><attr><attrlabl Sync="TRUE">Shape_Length</attrlabl><attalias Sync="TRUE">Shape_Length</attalias><attrtype Sync="TRUE">Double</attrtype><attwidth Sync="TRUE">8</attwidth><atprecis Sync="TRUE">0</atprecis><attscale Sync="TRUE">0</attscale><attrdef Sync="TRUE">Length of feature in internal units.</attrdef><attrdefs Sync="TRUE">ESRI</attrdefs><attrdomv><udom Sync="TRUE">Positive real numbers that are automatically generated.</udom></attrdomv></attr><attr><attrlabl Sync="TRUE">District</attrlabl><attalias Sync="TRUE">District</attalias><attrtype Sync="TRUE">String</attrtype><attwidth Sync="TRUE">5</attwidth><atprecis Sync="TRUE">0</atprecis><attscale Sync="TRUE">0</attscale></attr></detailed></eainfo><dataqual><lineage><procstep><procdesc Sync="TRUE">Dataset copied.</procdesc><srcused Sync="TRUE">X:\GIS-RAW\GIS_Working\COP\Metadata\Outgoing\loaded_drainage_basins.txt</srcused><date Sync="TRUE">20061016</date><time Sync="TRUE">16163300</time></procstep><procstep><procdesc Sync="TRUE">Dataset copied.</procdesc><srcused Sync="TRUE">X:\GIS-RAW\GIS_Working\COP\Metadata\Working\Kristin\parish_boundaries.txt</srcused><date Sync="TRUE">20061016</date><time Sync="TRUE">16235400</time></procstep><procstep><procdesc Sync="TRUE">Dataset copied.</procdesc><srcused Sync="TRUE">X:\GIS-RAW\GIS_Working\COP\Metadata\Working\Kristin\police_precincts.txt</srcused><date Sync="TRUE">20061016</date><time Sync="TRUE">16325900</time></procstep><procstep><procdesc Sync="TRUE">Dataset moved.</procdesc><srcused Sync="TRUE">X:\GIS-RAW\GIS_Working\COP\Metadata\Working\Kristin\police_precincts.txt</srcused><date Sync="TRUE">20061016</date><time Sync="TRUE">16425100</time></procstep><procstep><procdesc Sync="TRUE">Metadata imported.</procdesc><srcused Sync="TRUE">X:\GIS-RAW\GIS_Working\COP\Metadata\Outgoing\police_precincts.txt.xml</srcused><date Sync="TRUE">20061016</date><time Sync="TRUE">16493800</time></procstep><procstep><procdesc Sync="TRUE">Dataset copied.</procdesc><srcused Sync="TRUE">Server=10.4.1.119; Service=5151; Database=cnogis; User=dpaulson; Version=sde.DEFAULT</srcused><date Sync="TRUE">20090618</date><time Sync="TRUE">09343400</time></procstep><procstep><procdesc Sync="TRUE">Dataset copied.</procdesc><srcused Sync="TRUE">\\GIS-P470-X1\C$\Doug_Working\Gumbo_Pot.mdb</srcused><date Sync="TRUE">20090623</date><time Sync="TRUE">08184800</time></procstep></lineage></dataqual><spref><horizsys><cordsysn><geogcsn Sync="TRUE">GCS_North_American_1983</geogcsn><projcsn Sync="TRUE">NAD_1983_StatePlane_Louisiana_South_FIPS_1702_Feet</projcsn></cordsysn><planar><planci><plance Sync="TRUE">coordinate pair</plance><plandu Sync="TRUE">survey feet</plandu><coordrep><absres Sync="TRUE">0.000064</absres><ordres Sync="TRUE">0.000064</ordres></coordrep></planci></planar><geodetic><horizdn Sync="TRUE">North American Datum of 1983</horizdn><ellips Sync="TRUE">Geodetic Reference System 80</ellips><semiaxis Sync="TRUE">6378137.000000</semiaxis><denflat Sync="TRUE">298.257222</denflat></geodetic></horizsys><vertdef><altsys><altenc Sync="TRUE">Explicit elevation coordinate included with horizontal coordinates</altenc><altres Sync="TRUE">0.000122</altres></altsys></vertdef></spref><refSysInfo><RefSystem><refSysID><identCode Sync="TRUE" value="3452">NAD_1983_StatePlane_Louisiana_South_FIPS_1702_Feet</identCode><idCodeSpace Sync="TRUE">EPSG</idCodeSpace><idVersion Sync="TRUE">7.4.1</idVersion></refSysID></RefSystem></refSysInfo><spatRepInfo><VectSpatRep><geometObjs Name="OP_School_Board_Districts_20121023"><geoObjTyp><GeoObjTypCd value="002" Sync="TRUE"/></geoObjTyp><geoObjCnt Sync="TRUE">0</geoObjCnt></geometObjs><topLvl><TopoLevCd value="001" Sync="TRUE"/></topLvl></VectSpatRep></spatRepInfo><mdMaint xmlns=""><maintFreq><MaintFreqCd value="009"/></maintFreq></mdMaint><mdConst xmlns=""><Consts xmlns=""><useLimit>The City of New Orleans does not assume any liability for damages arising from errors, omissions, or use of this information.  End users are advised to be aware of the published accuracy, date, compilation methods, and cartographic format as described in the accompanying metadata, and are advised to utilize these data appropriately.</useLimit></Consts></mdConst></metadata>
